set	PDB_id	DDI_pfam_id	path	chainA_id	chainB_id	min_distance	buried_area	salt_bridges	hbonds	disulfide_bonds	hydrophobic_interactions
DMI	1ATP		DMI\1ATP_min_DMI.pdb	A	B	6.273	808.592	0	0	0	77
DMI	1AXC		DMI\1AXC_min_DMI.pdb	A	B	4.174	1209.332	0	4	0	62
DMI	1B72		DMI\1B72_min_DMI.pdb	A	B	5.182	547.149	0	0	0	36
DMI	1B8Q		DMI\1B8Q_min_DMI.pdb	A	B	4.376	871.756	0	4	0	42
DMI	1BXX		DMI\1BXX_min_DMI.pdb	A	B	4.435	783.465	0	0	0	19
DMI	1C9I		DMI\1C9I_min_DMI.pdb	A	B	4.594	879.519	0	0	0	87
DMI	1CA9		DMI\1CA9_min_DMI.pdb	A	B	3.855	726.452	1	0	0	0
DMI	1CKA		DMI\1CKA_min_DMI.pdb	A	B	6.395	761.158	3	4	0	56
DMI	1CZY		DMI\1CZY_min_DMI.pdb	A	B	4.0	877.2	1	0	0	52
DMI	1D5G		DMI\1D5G_min_DMI.pdb	A	B	4.208	847.331	0	6	0	22
DMI	1DDV		DMI\1DDV_min_DMI.pdb	A	B	4.953	519.226	0	0	0	86
DMI	1DPU		DMI\1DPU_min_DMI.pdb	A	B	3.873	850.833	2	8	0	16
DMI	1EG4		DMI\1EG4_min_DMI.pdb	A	B	5.349	573.941	0	0	0	31
DMI	1ELR		DMI\1ELR_min_DMI.pdb	A	B	5.264	773.284	2	0	0	1
DMI	1EVH		DMI\1EVH_min_DMI.pdb	A	B	6.396	734.102	0	0	0	73
DMI	1F95		DMI\1F95_min_DMI.pdb	A	B	3.849	939.418	0	6	0	0
DMI	1FF1		DMI\1FF1_min_DMI.pdb	A	B	3.535	675.358	0	1	0	106
DMI	1GH6		DMI\1GH6_min_DMI.pdb	A	B	5.796	1239.433	0	0	0	21
DMI	1GO4		DMI\1GO4_min_DMI.pdb	A	B	4.191	1585.029	1	0	0	83
DMI	1GWQ		DMI\1GWQ_min_DMI.pdb	A	B	6.285	906.895	0	0	0	71
DMI	1H25		DMI\1H25_min_DMI.pdb	A	B	3.86	1104.504	0	0	0	76
DMI	1JD5		DMI\1JD5_min_DMI.pdb	A	B	4.223	711.652	0	0	0	53
DMI	1JGN		DMI\1JGN_min_DMI.pdb	A	B	3.762	1208.382	2	1	0	65
DMI	1JWG		DMI\1JWG_min_DMI.pdb	A	B	5.341	1089.973	2	0	0	52
DMI	1KKQ		DMI\1KKQ_min_DMI.pdb	A	B	5.648	997.717	1	0	0	35
DMI	1KPS		DMI\1KPS_min_DMI.pdb	A	B	6.197	511.881	0	0	0	5
DMI	1KY7		DMI\1KY7_min_DMI.pdb	A	B	6.367	768.669	2	0	0	58
DMI	1KYU		DMI\1KYU_min_DMI.pdb	A	B	6.973	556.26	1	0	0	79
DMI	1L2Z		DMI\1L2Z_min_DMI.pdb	A	B	6.49	808.658	1	2	0	45
DMI	1M4P		DMI\1M4P_min_DMI.pdb	A	B	4.466	854.531	0	1	0	57
DMI	1MFG		DMI\1MFG_min_DMI.pdb	A	B	3.977	674.097	0	0	0	42
DMI	1MKE		DMI\1MKE_min_DMI.pdb	A	B	5.45	660.97	0	1	0	80
DMI	1N4M		DMI\1N4M_min_DMI.pdb	A	B	5.816	977.236	1	0	0	69
DMI	1NTV		DMI\1NTV_min_DMI.pdb	A	B	4.363	1246.243	1	0	0	57
DMI	1NW9		DMI\1NW9_min_DMI.pdb	A	B	4.363	645.4	0	0	0	68
DMI	1O0P		DMI\1O0P_min_DMI.pdb	A	B	4.28	1153.132	0	2	0	53
DMI	1O6K		DMI\1O6K_min_DMI.pdb	A	B	4.272	1464.773	3	0	0	45
DMI	1O9U		DMI\1O9U_min_DMI.pdb	A	B	5.639	1313.974	1	0	0	126
DMI	1PD7		DMI\1PD7_min_DMI.pdb	A	B	5.121	1361.894	0	0	0	120
DMI	1PJM		DMI\1PJM_min_DMI.pdb	A	B	4.833	2269.596	2	0	0	40
DMI	1S70		DMI\1S70_min_DMI.pdb	A	B	5.318	859.123	2	0	0	58
DMI	1SXJ		DMI\1SXJ_min_DMI.pdb	A	B	4.413	1501.714	1	0	0	121
DMI	1SYQ		DMI\1SYQ_min_DMI.pdb	A	B	4.864	1991.302	0	0	0	207
DMI	1UTC		DMI\1UTC_min_DMI.pdb	A	B	6.008	909.018	1	0	0	81
DMI	1YCR		DMI\1YCR_min_DMI.pdb	A	B	4.944	947.43	0	0	0	104
DMI	1YY6		DMI\1YY6_min_DMI.pdb	A	B	4.274	768.973	0	0	0	59
DMI	1ZUB		DMI\1ZUB_min_DMI.pdb	A	B	4.004	882.695	0	5	0	103
DMI	2A25		DMI\2A25_min_DMI.pdb	A	B	4.389	1156.546	0	0	0	119
DMI	2A41		DMI\2A41_min_DMI.pdb	A	B	4.395	1697.635	0	0	0	40
DMI	2ASQ		DMI\2ASQ_min_DMI.pdb	A	B	4.174	910.146	2	5	0	55
DMI	2B9J		DMI\2B9J_min_DMI.pdb	A	B	4.817	1086.008	2	0	0	16
DMI	2BZ8		DMI\2BZ8_min_DMI.pdb	A	B	5.51	750.938	2	0	0	54
DMI	2C0L		DMI\2C0L_min_DMI.pdb	A	B	4.453	877.907	0	0	0	25
DMI	2CE8		DMI\2CE8_min_DMI.pdb	A	B	5.57	1020.071	0	0	0	59
DMI	2D1K		DMI\2D1K_min_DMI.pdb	A	B	4.192	1424.108	0	0	0	48
DMI	2FLU		DMI\2FLU_min_DMI.pdb	A	B	5.404	845.393	3	0	0	6
DMI	2G30		DMI\2G30_min_DMI.pdb	A	B	6.013	1111.36	3	0	0	66
DMI	2GBQ		DMI\2GBQ_min_DMI.pdb	A	B	6.018	619.224	0	0	0	35
DMI	2GPH		DMI\2GPH_min_DMI.pdb	A	B	6.0	1235.178	3	0	0	16
DMI	2I3S		DMI\2I3S_min_DMI.pdb	A	B	6.312	1276.994	2	0	0	66
DMI	2IX7		DMI\2IX7_min_DMI.pdb	A	B	4.108	2548.104	6	0	0	99
DMI	2JK9		DMI\2JK9_min_DMI.pdb	A	B	4.177	684.06	0	0	0	8
DMI	2JKR		DMI\2JKR_min_DMI.pdb	A	B	4.839	978.498	0	0	0	31
DMI	2JQ9		DMI\2JQ9_min_DMI.pdb	A	B	5.701	880.706	2	0	0	68
DMI	2K42		DMI\2K42_min_DMI.pdb	A	B	4.499	1080.106	1	4	0	123
DMI	2KQS		DMI\2KQS_min_DMI.pdb	A	B	4.791	1068.496	1	5	0	57
DMI	2KXH		DMI\2KXH_min_DMI.pdb	A	B	3.771	868.731	1	2	0	78
DMI	2L8J		DMI\2L8J_min_DMI.pdb	A	B	4.33	1083.15	0	4	0	27
DMI	2LSI		DMI\2LSI_min_DMI.pdb	A	B	4.232	1088.193	2	7	0	99
DMI	2MOW		DMI\2MOW_min_DMI.pdb	A	B	4.743	932.196	2	3	0	18
DMI	2O8G		DMI\2O8G_min_DMI.pdb	A	B	4.883	978.074	1	0	0	41
DMI	2ODD		DMI\2ODD_min_DMI.pdb	A	B	4.751	795.003	0	4	0	38
DMI	2ORZ		DMI\2ORZ_min_DMI.pdb	A	B	6.746	543.154	1	0	0	0
DMI	2P1Q		DMI\2P1Q_min_DMI.pdb	A	B	4.615	1348.005	1	0	0	113
DMI	2PZO		DMI\2PZO_min_DMI.pdb	A	B	5.119	597.194	0	0	0	71
DMI	2R02		DMI\2R02_min_DMI.pdb	A	B	5.676	1103.809	0	0	0	64
DMI	2R03		DMI\2R03_min_DMI.pdb	A	B	6.042	825.18	0	0	0	42
DMI	2ROC		DMI\2ROC_min_DMI.pdb	A	B	4.494	1615.76	2	4	0	95
DMI	2RR3		DMI\2RR3_min_DMI.pdb	A	B	4.176	1067.014	1	4	0	55
DMI	2V3S		DMI\2V3S_min_DMI.pdb	A	B	4.79	785.397	2	0	0	62
DMI	2V51		DMI\2V51_min_DMI.pdb	A	B	4.974	1480.452	1	0	0	25
DMI	2V52		DMI\2V52_min_DMI.pdb	A	B	5.558	1543.046	0	0	0	30
DMI	2V8C		DMI\2V8C_min_DMI.pdb	A	B	6.282	570.873	0	0	0	80
DMI	2W84		DMI\2W84_min_DMI.pdb	A	B	6.452	686.268	0	0	0	104
DMI	2X04		DMI\2X04_min_DMI.pdb	A	B	4.418	1127.133	1	0	0	102
DMI	2XS0		DMI\2XS0_min_DMI.pdb	A	B	4.526	1147.003	1	0	0	34
DMI	2XS1		DMI\2XS1_min_DMI.pdb	A	B	4.867	1049.34	0	0	0	57
DMI	2Y48		DMI\2Y48_min_DMI.pdb	A	B	4.618	1717.332	5	0	0	60
DMI	2YKT		DMI\2YKT_min_DMI.pdb	A	B	5.492	638.886	0	0	0	9
DMI	2ZNE		DMI\2ZNE_min_DMI.pdb	A	B	4.217	1146.955	0	0	0	54
DMI	2ZVL		DMI\2ZVL_min_DMI.pdb	A	B	4.343	1038.417	1	0	0	91
DMI	3AA0		DMI\3AA0_min_DMI.pdb	A	B	4.514	2522.22	5	0	0	23
DMI	3AA1		DMI\3AA1_min_DMI.pdb	A	B	4.395	2468.573	6	0	0	34
DMI	3BQO		DMI\3BQO_min_DMI.pdb	A	B	4.456	933.675	0	0	0	68
DMI	3EU7		DMI\3EU7_min_DMI.pdb	A	B	3.931	1061.123	0	0	0	102
DMI	3GB8		DMI\3GB8_min_DMI.pdb	A	B	5.21	1644.231	2	0	0	122
DMI	3GM1		DMI\3GM1_min_DMI.pdb	A	B	6.088	924.992	1	0	0	49
DMI	3HQM		DMI\3HQM_min_DMI.pdb	A	B	4.445	742.291	0	0	0	27
DMI	3MQS		DMI\3MQS_min_DMI.pdb	A	B	4.45	582.448	0	0	0	31
DMI	3N5U		DMI\3N5U_min_DMI.pdb	A	B	4.657	965.54	0	0	0	55
DMI	3OGL		DMI\3OGL_min_DMI.pdb	A	B	4.69	2091.992	4	0	0	35
DMI	3QIS		DMI\3QIS_min_DMI.pdb	A	B	5.642	1244.909	1	0	0	90
DMI	3RDV		DMI\3RDV_min_DMI.pdb	A	B	4.846	719.803	0	0	0	22
DMI	3SOQ		DMI\3SOQ_min_DMI.pdb	A	B	7.221	895.132	1	0	0	28
DMI	3TEI		DMI\3TEI_min_DMI.pdb	A	B	4.815	1551.821	3	0	0	14
DMI	3TWU		DMI\3TWU_min_DMI.pdb	A	B	3.735	1122.188	2	0	0	29
DMI	3UVK		DMI\3UVK_min_DMI.pdb	A	B	4.3	1083.407	1	0	0	11
DMI	3UXG		DMI\3UXG_min_DMI.pdb	A	B	5.598	1191.83	0	0	0	89
DMI	3VVW		DMI\3VVW_min_DMI.pdb	A	B	4.593	882.824	1	0	0	68
DMI	3WN7		DMI\3WN7_min_DMI.pdb	A	B	5.397	1055.964	2	0	0	19
DMI	3WP0		DMI\3WP0_min_DMI.pdb	A	B	4.893	699.904	2	0	0	11
DMI	3ZFW		DMI\3ZFW_min_DMI.pdb	A	B	5.147	1314.732	3	0	0	74
DMI	4BH6		DMI\4BH6_min_DMI.pdb	A	B	4.563	865.969	0	0	0	25
DMI	4BXU		DMI\4BXU_min_DMI.pdb	A	B	5.894	693.07	1	1	0	101
DMI	4CQO		DMI\4CQO_min_DMI.pdb	A	B	5.279	855.753	0	0	0	50
DMI	4CY2		DMI\4CY2_min_DMI.pdb	A	B	5.661	634.781	0	0	0	32
DMI	4CY3		DMI\4CY3_min_DMI.pdb	A	B	4.691	1136.192	2	0	0	14
DMI	4EOY		DMI\4EOY_min_DMI.pdb	A	B	4.56	892.843	0	0	0	102
DMI	4F0Z		DMI\4F0Z_min_DMI.pdb	A	B	4.648	1013.913	0	0	0	58
DMI	4FMO		DMI\4FMO_min_DMI.pdb	A	B	5.867	682.893	2	0	0	30
DMI	4GGD		DMI\4GGD_min_DMI.pdb	A	B	6.21	579.778	0	0	0	0
DMI	4H3B		DMI\4H3B_min_DMI.pdb	A	B	4.163	1042.227	1	0	0	26
DMI	4H3Q		DMI\4H3Q_min_DMI.pdb	A	B	5.171	1008.588	1	0	0	8
DMI	4J2X		DMI\4J2X_min_DMI.pdb	A	B	4.771	754.734	0	0	0	105
DMI	4KMD		DMI\4KMD_min_DMI.pdb	A	B	4.367	1378.155	0	0	0	50
DMI	4NEE		DMI\4NEE_min_DMI.pdb	A	B	4.868	922.162	1	0	0	27
DMI	4YOC		DMI\4YOC_min_DMI.pdb	A	B	4.646	832.151	3	0	0	8
DMI	4ZI2		DMI\4ZI2_min_DMI.pdb	A	B	5.218	1247.161	1	0	0	41
DMI	5AZG		DMI\5AZG_min_DMI.pdb	A	B	4.624	948.745	0	0	0	82
DMI	5EOD		DMI\5EOD_min_DMI.pdb	A	B	5.288	818.935	1	0	0	45
DMI	5ETA		DMI\5ETA_min_DMI.pdb	A	B	4.574	1571.664	4	0	0	36
DMI	5F74		DMI\5F74_min_DMI.pdb	A	B	6.486	1510.531	2	0	0	25
DMI	5FJX		DMI\5FJX_min_DMI.pdb	A	B	6.479	823.818	0	0	0	70
DMI	5HKH		DMI\5HKH_min_DMI.pdb	A	B	4.635	885.802	1	0	0	107
DMI	5IGO		DMI\5IGO_min_DMI.pdb	A	B	4.392	1255.345	1	0	0	49
DMI	5MLW		DMI\5MLW_min_DMI.pdb	A	B	4.282	960.87	0	0	0	114
DMI	5VZU		DMI\5VZU_min_DMI.pdb	A	B	4.959	868.375	0	0	0	33
DMI	6FUZ		DMI\6FUZ_min_DMI.pdb	A	B	5.532	1081.201	1	0	0	2
DMI	6G84		DMI\6G84_min_DMI.pdb	A	B	5.521	1146.941	0	0	0	35
DMI	7DS2		DMI\7DS2_min_DMI.pdb	A	B	5.075	1506.106	2	0	0	51
DDI	2D74	PF00009_PF01873	DDI\PF00009_PF01873_2D74_AB.pdb	A	B	4.045	2834.256	3	0	0	86
DDI	1F34	PF00026_PF06394	DDI\PF00026_PF06394_1F34_AB.pdb	A	B	3.941	3065.591	0	0	0	75
DDI	1TDQ	PF00059_PF00041	DDI\PF00059_PF00041_1TDQ_BA.pdb	B	A	5.006	1832.306	2	0	0	41
DDI	1FLE	PF00089_PF00095	DDI\PF00089_PF00095_1FLE_EI.pdb	E	I	4.029	1782.179	1	0	0	68
DDI	6VQG	PF00137_PF07850	DDI\PF00137_PF07850_6VQG_ip.pdb	i	p	5.697	1663.542	1	0	0	78
DDI	3AXY	PF00244_PF01161	DDI\PF00244_PF01161_3AXY_JH.pdb	J	H	5.382	1296.311	2	0	0	44
DDI	5VYW	PF00289_PF02436	DDI\PF00289_PF02436_5VYW_AD.pdb	A	D	4.595	5611.132	18	0	0	88
DDI	2Y3A	PF00454_PF00017	DDI\PF00454_PF00017_2Y3A_AB.pdb	A	B	3.811	5911.162	5	0	0	179
DDI	3TX7	PF00514_PF00104	DDI\PF00514_PF00104_3TX7_AB.pdb	A	B	4.555	1644.616	1	0	0	44
DDI	1PP9	PF00675_PF02271	DDI\PF00675_PF02271_1PP9_BS.pdb	B	S	6.198	909.24	2	0	0	16
DDI	5F0L	PF00787_PF03643	DDI\PF00787_PF03643_5F0L_BC.pdb	B	C	4.126	2148.522	0	0	0	20
DDI	7CFT	PF00858_PF00087	DDI\PF00858_PF00087_7CFT_AD.pdb	A	D	6.467	1696.333	1	0	0	45
DDI	1L0V	PF00890_PF13085	DDI\PF00890_PF13085_1L0V_MN.pdb	M	N	4.327	5423.356	6	0	0	138
DDI	3VE1	PF01298_PF00405	DDI\PF01298_PF00405_3VE1_AB.pdb	A	B	4.136	2669.706	6	0	0	23
DDI	6Q2N	PF02351_PF17812	DDI\PF02351_PF17812_6Q2N_DF.pdb	D	F	4.674	1872.941	2	0	0	13
DDI	4GS7	PF02372_PF18707	DDI\PF02372_PF18707_4GS7_AB.pdb	A	B	5.441	954.148	1	0	0	9
DDI	1UL1	PF02747_PF00752	DDI\PF02747_PF00752_1UL1_XA.pdb	X	A	4.16	3540.322	9	0	0	128
DDI	1DEV	PF03166_PF11409	DDI\PF03166_PF11409_1DEV_AB.pdb	A	B	3.981	2613.105	0	0	0	210
DDI	4Y66	PF03962_PF07106	DDI\PF03962_PF07106_4Y66_EF.pdb	E	F	4.97	4729.982	0	0	0	166
DDI	6JWP	PF04670_PF15454	DDI\PF04670_PF15454_6JWP_GH.pdb	G	H	4.665	1614.038	0	0	0	76
DDI	6TT7	PF04718_PF05405	DDI\PF04718_PF05405_6TT7_SK.pdb	S	K	4.431	1882.952	1	0	0	78
DDI	2V92	PF04739_PF16579	DDI\PF04739_PF16579_2V92_BA.pdb	B	A	4.306	3229.001	1	0	0	209
DDI	1W1W	PF04824_PF02463	DDI\PF04824_PF02463_1W1W_FB.pdb	F	B	4.491	2140.173	1	0	0	148
DDI	5C3L	PF05064_PF13874	DDI\PF05064_PF13874_5C3L_CA.pdb	C	A	4.948	5688.907	7	0	0	184
DDI	6F40	PF05158_PF04801	DDI\PF05158_PF04801_6F40_MP.pdb	M	P	4.648	836.624	0	0	0	3
DDI	6ZR2	PF05676_PF05821	DDI\PF05676_PF05821_6ZR2_ol.pdb	o	l	4.301	2745.651	4	0	0	68
DDI	6C0F	PF05997_PF01778	DDI\PF05997_PF01778_6C0F_zD.pdb	z	D	5.44	835.115	3	0	0	0
DDI	2FYL	PF06400_PF00057	DDI\PF06400_PF00057_2FYL_AB.pdb	A	B	4.557	1863.841	9	15	0	8
DDI	5VJ1	PF06857_PF16957	DDI\PF06857_PF16957_5VJ1_AC.pdb	A	C	5.405	1674.517	3	0	0	45
DDI	7AAV	PF06991_PF08082	DDI\PF06991_PF08082_7AAV_KA.pdb	K	A	5.341	2127.392	0	0	0	55
DDI	6OMF	PF07417_PF00140	DDI\PF07417_PF00140_6OMF_FJ.pdb	F	J	4.96	1586.517	4	0	0	40
DDI	3ZKJ	PF07525_PF03931	DDI\PF07525_PF03931_3ZKJ_AB.pdb	A	B	4.962	1639.059	0	0	0	97
DDI	1OFH	PF07724_PF00227	DDI\PF07724_PF00227_1OFH_CH.pdb	C	H	5.503	413.424	1	0	0	0
DDI	4KHB	PF08644_PF03531	DDI\PF08644_PF03531_4KHB_HG.pdb	H	G	3.878	4123.428	4	0	0	232
DDI	5OOL	PF09809_PF06984	DDI\PF09809_PF06984_5OOL_9Y.pdb	9	Y	4.603	3464.926	2	0	0	120
DDI	6H9U	PF10208_PF00012	DDI\PF10208_PF00012_6H9U_BA.pdb	B	A	4.398	1103.978	2	0	0	26
DDI	5ANR	PF10477_PF00271	DDI\PF10477_PF00271_5ANR_CB.pdb	C	B	4.133	2098.225	0	0	0	114
DDI	6G90	PF11931_PF04037	DDI\PF11931_PF04037_6G90_TQ.pdb	T	Q	4.438	878.695	0	0	0	11
DDI	3T6G	PF12026_PF00617	DDI\PF12026_PF00617_3T6G_BA.pdb	B	A	5.317	2412.878	4	0	0	91
DDI	2KA6	PF12162_PF02135	DDI\PF12162_PF02135_2KA6_BA.pdb	B	A	5.376	3122.699	6	17	0	133
DDI	6MZF	PF12348_PF00091	DDI\PF12348_PF00091_6MZF_YZ.pdb	Y	Z	5.456	1144.207	1	0	0	10
DDI	3IXE	PF12796_PF00412	DDI\PF12796_PF00412_3IXE_AB.pdb	A	B	5.755	1937.814	2	0	0	51
DDI	5GQQ	PF13202_PF04832	DDI\PF13202_PF04832_5GQQ_BD.pdb	B	D	4.09	1911.684	2	0	0	108
DDI	3ZNI	PF14447_PF00179	DDI\PF14447_PF00179_3ZNI_AC.pdb	A	C	5.268	1288.881	0	0	0	85
DDI	3J7Y	PF14978_PF00327	DDI\PF14978_PF00327_3J7Y_oZ.pdb	o	Z	4.885	2488.556	0	0	0	70
DDI	6D6Q	PF15985_PF10175	DDI\PF15985_PF10175_6D6Q_GL.pdb	G	L	3.891	3659.16	1	0	0	167
DDI	3KZ1	PF17838_PF00071	DDI\PF17838_PF00071_3KZ1_BE.pdb	B	E	5.276	1249.398	2	0	0	60
DDI	2X19	PF18773_PF00071	DDI\PF18773_PF00071_2X19_BA.pdb	B	A	5.92	3100.381	9	0	0	41
